code;name_en;name_ru;title_en;title_ru;friendly_url_en;friendly_url_ru;
3;name_en;Evyap  Турция;title_en;Evyap  Турция;friendlyUrl_en;3;
5;name_en;ЭлиТа  НАША ПРОДУКЦИЯ;title_en;ЭлиТа  НАША ПРОДУКЦИЯ;friendlyUrl_en;5;
8;name_en;Фастов  Украина;title_en;Фастов  Украина;friendlyUrl_en;8;
9;name_en;Аромат  Украина;title_en;Аромат  Украина;friendlyUrl_en;9;
10;name_en;Bella  Польша;title_en;Bella  Польша;friendlyUrl_en;10;
12;name_en;Malva Kozmetik  Украина;title_en;Malva Kozmetik  Украина;friendlyUrl_en;12;
14;name_en;Gillette  США;title_en;Gillette  США;friendlyUrl_en;14;
16;name_en;Калина Россия;title_en;Калина Россия;friendlyUrl_en;16;
17;name_en;Colgate-Palmolive  Украина;title_en;Colgate-Palmolive  Украина;friendlyUrl_en;17;
19;name_en;Brelil  Италия;title_en;Brelil  Италия;friendlyUrl_en;19;
23;name_en;Леда  Украина;title_en;Леда  Украина;friendlyUrl_en;23;
25;name_en;Невская косметика Россия;title_en;Невская косметика Россия;friendlyUrl_en;25;
28;name_en;Парус  Украина;title_en;Парус  Украина;friendlyUrl_en;28;
30;name_en;Флер;title_en;Флер;friendlyUrl_en;30;
32;name_en;Dzintars  Латвия;title_en;Dzintars  Латвия;friendlyUrl_en;32;
35;name_en;Новая Заря  Россия;title_en;Новая Заря  Россия;friendlyUrl_en;35;
36;name_en;Bi-es  Польша;title_en;Bi-es  Польша;friendlyUrl_en;36;
39;name_en;Henkel  Германия;title_en;Henkel  Германия;friendlyUrl_en;39;
40;name_en;C:ehko  Германия;title_en;C:ehko  Германия;friendlyUrl_en;40;
41;name_en;Eveline Cosmetics Польша;title_en;Eveline Cosmetics Польша;friendlyUrl_en;41;
44;name_en;Schwarzkopf Германия;title_en;Schwarzkopf Германия;friendlyUrl_en;44;
45;name_en;Роза Импекс  Болгария;title_en;Роза Импекс  Болгария;friendlyUrl_en;45;
46;name_en;Acme  Украина;title_en;Acme  Украина;friendlyUrl_en;46;
57;name_en;Полтава  Украина;title_en;Полтава  Украина;friendlyUrl_en;57;
60;name_en;Китай;title_en;Китай;friendlyUrl_en;60;
63;name_en;Rexona  Австралия;title_en;Rexona  Австралия;friendlyUrl_en;63;
66;name_en;La Rive  Польша;title_en;La Rive  Польша;friendlyUrl_en;66;
80;name_en;Dove  Великобритания;title_en;Dove  Великобритания;friendlyUrl_en;80;
83;name_en;Фабрика Комби  Украина;title_en;Фабрика Комби  Украина;friendlyUrl_en;83;
86;name_en;Разное;title_en;Разное;friendlyUrl_en;86;
88;name_en;Dagg  Китай;title_en;Dagg  Китай;friendlyUrl_en;88;
91;name_en;Dana lux  ОАЭ;title_en;Dana lux  ОАЭ;friendlyUrl_en;91;
104;name_en;Remy-Marquis  Франция;title_en;Remy-Marquis  Франция;friendlyUrl_en;104;
108;name_en;Юси  Украина;title_en;Юси  Украина;friendlyUrl_en;108;
113;name_en;Fitoкосметик  Украина;title_en;Fitoкосметик  Украина;friendlyUrl_en;113;
118;name_en;Симокс  Украина;title_en;Симокс  Украина;friendlyUrl_en;118;
119;name_en;Ecolife  Россия;title_en;Ecolife  Россия;friendlyUrl_en;119;
129;name_en;Elensee  Украина;title_en;Elensee  Украина;friendlyUrl_en;129;
131;name_en;Интер Косметика парфюм;title_en;Интер Косметика парфюм;friendlyUrl_en;131;
132;name_en;Фурман  Украина;title_en;Фурман  Украина;friendlyUrl_en;132;
137;name_en;Купава  Украина;title_en;Купава  Украина;friendlyUrl_en;137;
142;name_en;Гранд Импорт  Украина-Польша;title_en;Гранд Импорт  Украина-Польша;friendlyUrl_en;142;
144;name_en;Бджілка  Украина;title_en;Бджілка  Украина;friendlyUrl_en;144;
148;name_en;Sitil  Турция;title_en;Sitil  Турция;friendlyUrl_en;148;
174;name_en;Rasasi  ОАЭ;title_en;Rasasi  ОАЭ;friendlyUrl_en;174;
176;name_en;Ziaja  Польша;title_en;Ziaja  Польша;friendlyUrl_en;176;
179;name_en;Позитив  Россия;title_en;Позитив  Россия;friendlyUrl_en;179;
182;name_en;Fantasy  Украина;title_en;Fantasy  Украина;friendlyUrl_en;182;
183;name_en;БиоЛонг  Украина;title_en;БиоЛонг  Украина;friendlyUrl_en;183;
185;name_en;Теза  Украина;title_en;Теза  Украина;friendlyUrl_en;185;
186;name_en;Феникс;title_en;Феникс;friendlyUrl_en;186;
193;name_en;Echosline  Италия;title_en;Echosline  Италия;friendlyUrl_en;193;
196;name_en;Джерело  Украина;title_en;Джерело  Украина;friendlyUrl_en;196;
199;name_en;Аэрокеп  Украина;title_en;Аэрокеп  Украина;friendlyUrl_en;199;
204;name_en;Некусайка  Украина;title_en;Некусайка  Украина;friendlyUrl_en;204;
210;name_en;Biki (Profi Style) Польша-Украина;title_en;Biki (Profi Style) Польша-Украина;friendlyUrl_en;210;
212;name_en;Astera  Болгария;title_en;Astera  Болгария;friendlyUrl_en;212;
213;name_en;Flirt  Болгария;title_en;Flirt  Болгария;friendlyUrl_en;213;
214;name_en;Мелочи жизни  Украина;title_en;Мелочи жизни  Украина;friendlyUrl_en;214;
218;name_en;Spa Master  Болгария;title_en;Spa Master  Болгария;friendlyUrl_en;218;
219;name_en;Альтаир  Украина;title_en;Альтаир  Украина;friendlyUrl_en;219;
221;name_en;Beauty House  Украина;title_en;Beauty House  Украина;friendlyUrl_en;221;
222;name_en;Jerden Proff  Украина;title_en;Jerden Proff  Украина;friendlyUrl_en;222;
223;name_en;AXE Германия;title_en;AXE Германия;friendlyUrl_en;223;
224;name_en;Kavati  Украина;title_en;Kavati  Украина;friendlyUrl_en;224;
225;name_en;Agressia  Болгария;title_en;Agressia  Болгария;friendlyUrl_en;225;
226;name_en;Aroma;title_en;Aroma;friendlyUrl_en;226;
228;name_en;Miss Magic  Болгария;title_en;Miss Magic  Болгария;friendlyUrl_en;228;
229;name_en;Wella  Германия;title_en;Wella  Германия;friendlyUrl_en;229;
231;name_en;Byothea  Италия;title_en;Byothea  Италия;friendlyUrl_en;231;
237;name_en;Emper  ОАЭ;title_en;Emper  ОАЭ;friendlyUrl_en;237;
239;name_en;Сделано в Украине;title_en;Сделано в Украине;friendlyUrl_en;239;
251;name_en;Moser  Германия;title_en;Moser  Германия;friendlyUrl_en;251;
252;name_en;Babyliss  Италия;title_en;Babyliss  Италия;friendlyUrl_en;252;
253;name_en;Normal Clinic  Болгария;title_en;Normal Clinic  Болгария;friendlyUrl_en;253;
254;name_en;Revlon Испания;title_en;Revlon Испания;friendlyUrl_en;254;
259;name_en;Kaetana  Украина;title_en;Kaetana  Украина;friendlyUrl_en;259;
261;name_en;Fax  Турция;title_en;Fax  Турция;friendlyUrl_en;261;
262;name_en;ФОП Шевченко  Украина;title_en;ФОП Шевченко  Украина;friendlyUrl_en;262;
263;name_en;Big  Франция;title_en;Big  Франция;friendlyUrl_en;263;
265;name_en;Green Pharm Cosmetic Украина;title_en;Green Pharm Cosmetic Украина;friendlyUrl_en;265;
267;name_en;Элитная туалетная вода;title_en;Элитная туалетная вода;friendlyUrl_en;267;
268;name_en;Зеленая аптека  Украина;title_en;Зеленая аптека  Украина;friendlyUrl_en;268;
270;name_en;Золотоноша  Украина;title_en;Золотоноша  Украина;friendlyUrl_en;270;
271;name_en;Perfect Beauty  Испания;title_en;Perfect Beauty  Испания;friendlyUrl_en;271;
272;name_en;Винницапобутхим   Украина;title_en;Винницапобутхим   Украина;friendlyUrl_en;272;
273;name_en;Interpred Partner J.S.C. Болгария зебра;title_en;Interpred Partner J.S.C. Болгария зебра;friendlyUrl_en;273;
274;name_en;Global cosmed Польша;title_en;Global cosmed Польша;friendlyUrl_en;274;
275;name_en;Grass Россия;title_en;Grass Россия;friendlyUrl_en;275;